"Indicator ID","Indicator Name","Parent Code","Parent Name","Area Code","AreaName","Area Type","Sex","Age","Category Type","Category","Time period","Value","Lower CI 95.0 limit","Upper CI 95.0 limit","Lower CI 99.8 limit","Upper CI 99.8 limit","Count","Denominator","Value note","Recent Trend","Compared to England value or percentiles","Compared to parent value or percentiles","Time period Sortable","New data","Compared to goal","Time period range"
"92443","Smoking Prevalence in adults (aged 18 and over) - current smokers (APS) (1 year range)","","","E92000001","England","England","Persons","18+ yrs","","","2011","19.842","19.5886","20.0954","","","8260053","","","","","","20110000","","","1y"
"92443","Smoking Prevalence in adults (aged 18 and over) - current smokers (APS) (1 year range)","","","E92000001","England","England","Persons","18+ yrs","","","2012","19.3157","19.065","19.5664","","","8110999","","","","","","20120000","","","1y"
"92443","Smoking Prevalence in adults (aged 18 and over) - current smokers (APS) (1 year range)","","","E92000001","England","England","Persons","18+ yrs","","","2013","18.3925","18.1442","18.6408","","","7780478","","","","","","20130000","","","1y"
"92443","Smoking Prevalence in adults (aged 18 and over) - current smokers (APS) (1 year range)","","","E92000001","England","England","Persons","18+ yrs","","","2014","17.8498","17.6046","18.095","","","7621002","","","","","","20140000","","","1y"
"92443","Smoking Prevalence in adults (aged 18 and over) - current smokers (APS) (1 year range)","","","E92000001","England","England","Persons","18+ yrs","","","2015","16.9234","16.6806","17.1662","","","7294724","","","","","","20150000","","","1y"
"92443","Smoking Prevalence in adults (aged 18 and over) - current smokers (APS) (1 year range)","","","E92000001","England","England","Persons","18+ yrs","","","2016","15.5195","15.2739","15.7651","","","6750389","","","","","","20160000","","","1y"
"92443","Smoking Prevalence in adults (aged 18 and over) - current smokers (APS) (1 year range)","","","E92000001","England","England","Persons","18+ yrs","","","2017","14.8681","14.6253","15.1109","","","6496890","","","","","","20170000","","","1y"
"92443","Smoking Prevalence in adults (aged 18 and over) - current smokers (APS) (1 year range)","","","E92000001","England","England","Persons","18+ yrs","","","2018","14.4493","14.2123","14.6863","","","6360956.9005","","","","","","20180000","","","1y"
"92443","Smoking Prevalence in adults (aged 18 and over) - current smokers (APS) (1 year range)","","","E92000001","England","England","Persons","18+ yrs","","","2019","13.8821","13.6439","14.1204","13.5065","14.2578","6144702.9854","","","","","","20190000","","","1y"
"92443","Smoking Prevalence in adults (aged 18 and over) - current smokers (APS) (1 year range)","","","E92000001","England","England","Persons","18+ yrs","","","2020","12.8","12.5","13.1","","","","","","","","","20200000","","","1y"
"92443","Smoking Prevalence in adults (aged 18 and over) - current smokers (APS) (1 year range)","","","E92000001","England","England","Persons","18+ yrs","","","2021","12.1","11.8","12.4","","","","","","","","","20210000","","","1y"
"92443","Smoking Prevalence in adults (aged 18 and over) - current smokers (APS) (1 year range)","","","E92000001","England","England","Persons","18+ yrs","","","2022","11.5","11.2","11.8","","","","","","","","","20220000","","","1y"
"92443","Smoking Prevalence in adults (aged 18 and over) - current smokers (APS) (1 year range)","","","E92000001","England","England","Persons","18+ yrs","","","2023","10.9","10.6","11.2","","","","","","","","","20230000","","","1y"
"92443","Smoking Prevalence in adults (aged 18 and over) - current smokers (APS) (1 year range)","","","E92000001","England","England","Persons","18+ yrs","","","2024","10.4321","10.1526","10.7117","","","","","","","","","20240000","","","1y"
